id,name,surname,email,gender,ssn,birthdate
1,Cairistiona,Beamiss,cbeamiss0@plala.or.jp,Female,685-48-3371,26/07/1997
2,Colline,Rummings,crummings1@hugedomains.com,Female,745-60-4701,19/08/2001
3,Misti,Cawthera,mcawthera2@cdbaby.com,Female,193-22-0707,09/09/1997
4,Star,Matelyunas,smatelyunas3@cisco.com,Female,302-81-7811,03/07/2002
5,Jeanelle,Botte,jbotte4@desdev.cn,Genderqueer,317-96-7260,13/03/1997
6,Jannelle,Dryden,jdryden5@ycombinator.com,Female,808-68-5187,28/08/2000
7,Brooke,Stubbley,bstubbley6@timesonline.co.uk,Male,645-23-9101,08/06/2001
8,Hamilton,Riggey,hriggey7@seattletimes.com,Male,188-93-7146,17/11/1997
9,Richie,Rosell,rrosell8@delicious.com,Male,611-29-0379,03/12/2002
10,Godart,Kyndred,gkyndred9@about.com,Male,734-43-1059,04/08/2001
11,Randie,Coetzee,rcoetzeea@goo.ne.jp,Female,873-06-2997,07/07/2002
12,Peria,Lutwidge,plutwidgeb@state.gov,Female,637-27-7765,19/06/1996
13,Layton,Aucoate,laucoatec@about.com,Male,619-10-6221,11/06/2001
14,Bard,Andreini,bandreinid@cam.ac.uk,Male,590-67-5642,02/03/1999
15,Vicky,Gourdon,vgourdone@canalblog.com,Female,394-23-7919,02/12/1999
16,Archy,Wackley,awackleyf@booking.com,Male,883-02-7792,22/07/1999
17,Dene,Francescotti,dfrancescottig@fotki.com,Male,126-35-6354,24/09/1995
18,Bart,Bacher,bbacherh@nbcnews.com,Male,243-78-8251,22/01/2002
19,Barnabas,Ruthven,bruthveni@quantcast.com,Male,890-04-8902,30/08/1999
20,Karly,Collcott,kcollcottj@xrea.com,Female,352-71-3657,31/01/2001
21,Raimundo,Craine,rcrainek@toplist.cz,Polygender,824-13-2004,09/04/1995
22,Sybyl,Sellek,ssellekl@barnesandnoble.com,Female,415-64-2146,17/04/2000
23,Astra,Hun,ahunm@columbia.edu,Female,331-04-5563,16/06/2000
24,Jaine,Scoggans,jscoggansn@linkedin.com,Female,721-65-9343,01/02/2000
25,Georgeta,Thynn,gthynno@jalbum.net,Female,813-14-1081,30/04/1997
26,Doralia,Theobalds,dtheobaldsp@state.tx.us,Female,466-61-9976,27/08/1996
27,Dorie,Mallall,dmallallq@tuttocitta.it,Male,568-66-4550,10/11/2002
28,Felicio,Skitt,fskittr@sina.com.cn,Male,502-64-2198,22/09/1998
29,Clarke,Bard,cbards@over-blog.com,Male,679-08-8012,16/04/1996
30,Tess,Petrashov,tpetrashovt@paypal.com,Female,844-25-4225,02/07/2000
31,Rani,Corkhill,rcorkhillu@de.vu,Female,110-81-3555,18/07/1998
32,Leonhard,McQuorkell,lmcquorkellv@wired.com,Polygender,791-15-5660,09/08/2000
33,Durante,Grishanov,dgrishanovw@arstechnica.com,Male,837-01-9926,03/11/2000
34,Kevin,Mockes,kmockesx@ameblo.jp,Male,300-13-6705,12/09/1996
35,Suzette,Kleynermans,skleynermansy@google.ru,Female,488-51-1578,16/11/1997
36,Gretel,Gherardini,ggherardiniz@linkedin.com,Female,508-26-2493,15/10/1995
37,Binky,Delahunty,bdelahunty10@cafepress.com,Male,715-28-7713,25/05/1995
38,Costa,Apps,capps11@stanford.edu,Male,450-67-0364,11/12/1995
39,Deeann,Humberston,dhumberston12@yellowpages.com,Polygender,263-52-6727,24/09/1998
40,Yardley,Harroway,yharroway13@state.gov,Male,750-73-9207,02/07/1996
41,Beverlee,Jotcham,bjotcham14@blogger.com,Female,374-64-0963,31/08/2001
42,Scottie,Paxton,spaxton15@google.ru,Male,753-75-6864,22/02/1998
43,Jaine,Gwillim,jgwillim16@biglobe.ne.jp,Female,156-76-8192,20/12/1998
44,Dewitt,Cumberland,dcumberland17@vkontakte.ru,Male,431-33-8041,10/09/1999
45,Milt,Coogan,mcoogan18@ucsd.edu,Male,886-11-5208,25/12/1995
46,Veronique,Lowndesbrough,vlowndesbrough19@macromedia.com,Female,796-12-7940,24/04/1998
47,Chalmers,Calleja,ccalleja1a@pagesperso-orange.fr,Genderqueer,678-66-9814,27/03/2002
48,Bordie,Airth,bairth1b@blogtalkradio.com,Male,491-09-8694,29/12/1997
49,Gavra,Lipprose,glipprose1c@tumblr.com,Female,659-14-2411,30/11/1996
50,Sada,Bott,sbott1d@ucoz.ru,Female,445-45-0201,29/07/1996
51,Reade,Elgood,relgood1e@facebook.com,Male,836-65-3341,01/03/2003
52,Obed,Meininking,omeininking1f@timesonline.co.uk,Male,652-45-7250,21/09/1999
53,Renault,Fooks,rfooks1g@opera.com,Bigender,147-06-1216,27/05/1995
54,Sammy,Britch,sbritch1h@nifty.com,Female,327-98-9652,02/08/1999
55,Blondelle,Cockerham,bcockerham1i@exblog.jp,Female,546-24-7409,10/10/1997
56,Farlie,Dobbins,fdobbins1j@nature.com,Male,149-30-8856,23/11/1999
57,Swen,Paumier,spaumier1k@lycos.com,Male,126-77-3126,23/02/2003
58,Lola,Sommerlin,lsommerlin1l@ning.com,Female,513-74-5378,15/08/1999
59,Alasdair,Jinkinson,ajinkinson1m@dion.ne.jp,Male,181-38-7381,29/08/2002
60,Danella,Sowman,dsowman1n@topsy.com,Female,513-26-4311,07/01/2000
61,Vick,Tytler,vtytler1o@nature.com,Male,677-21-8263,18/02/1998
62,Ilysa,Fones,ifones1p@disqus.com,Female,719-01-0045,10/04/2002
63,Toddie,Khosa,tkhosa1q@bing.com,Male,894-94-3947,15/07/1998
64,Darby,Pearlman,dpearlman1r@ifeng.com,Male,665-29-7400,07/02/1996
65,Murial,Raithbie,mraithbie1s@mayoclinic.com,Female,849-03-1844,19/11/1998
66,Krisha,Ferrelli,kferrelli1t@illinois.edu,Male,874-94-1477,14/12/1999
67,D'arcy,Middell,dmiddell1u@netvibes.com,Male,576-36-7301,12/06/2002
68,Alexei,Barthelmes,abarthelmes1v@networkadvertising.org,Male,371-72-3649,18/11/2002
69,Benedetta,Belton,bbelton1w@seesaa.net,Female,712-91-2893,08/12/1996
70,Hermy,Burris,hburris1x@cloudflare.com,Male,318-28-0307,18/11/2002
71,Gavan,Abrahamson,gabrahamson1y@cnbc.com,Male,447-69-6614,10/02/1996
72,Minnaminnie,Regenhardt,mregenhardt1z@wired.com,Female,144-97-4955,11/08/1995
73,Mart,Hebblewhite,mhebblewhite20@msu.edu,Male,763-56-6405,20/02/1997
74,Shepperd,Ascraft,sascraft21@bravesites.com,Male,623-98-9961,08/03/1996
75,Miguelita,Barthelme,mbarthelme22@addthis.com,Female,263-09-1357,14/09/1997
76,Paloma,Robic,probic23@mac.com,Female,478-81-2730,08/07/1998
77,Tyler,Dulanty,tdulanty24@independent.co.uk,Male,146-38-7682,23/06/2001
78,Claudie,Visco,cvisco25@nih.gov,Female,614-52-7851,27/07/1996
79,Janka,Creasy,jcreasy26@nhs.uk,Agender,542-77-4316,04/02/1997
80,Cleveland,Toovey,ctoovey27@sciencedirect.com,Male,364-66-5588,14/08/1996
81,Mitchael,Claiden,mclaiden28@wiley.com,Male,665-63-8431,14/03/1998
82,Chaim,Drayson,cdrayson29@oaic.gov.au,Male,462-62-2663,13/06/1997
83,Bradford,Ferguson,bferguson2a@oracle.com,Male,207-28-3295,22/04/2001
84,Robinette,Isles,risles2b@cnn.com,Female,872-14-4698,03/06/1998
85,Alain,Woodard,awoodard2c@smh.com.au,Male,379-66-6854,11/02/1996
86,Win,Wolvey,wwolvey2d@webeden.co.uk,Male,613-58-9378,13/01/1996
87,Chelsy,Batty,cbatty2e@issuu.com,Female,873-13-3038,26/10/1998
88,Jolynn,Currall,jcurrall2f@ameblo.jp,Female,354-33-5756,02/02/2001
89,Thorpe,Lamke,tlamke2g@weibo.com,Male,796-95-3399,08/08/1997
90,Garrot,Simpson,gsimpson2h@google.pl,Male,809-14-1528,07/08/2001
91,Sandye,Selborne,sselborne2i@reddit.com,Polygender,562-30-8511,23/03/1996
92,Linzy,Coskerry,lcoskerry2j@cocolog-nifty.com,Female,712-20-2856,27/09/1998
93,Theodor,Kirdsch,tkirdsch2k@a8.net,Male,257-83-5107,17/07/2001
94,Finn,Aizikowitz,faizikowitz2l@unesco.org,Male,410-50-1147,01/12/1995
95,Wallace,Bennit,wbennit2m@pen.io,Male,626-70-0460,11/01/2003
96,Jerrie,Farries,jfarries2n@webs.com,Male,240-07-6309,09/04/1995
97,Adham,Varnes,avarnes2o@hugedomains.com,Male,628-77-3131,17/11/2002
98,Nappy,Hallyburton,nhallyburton2p@va.gov,Male,308-50-9103,02/11/1998
99,Ganny,Dauber,gdauber2q@storify.com,Male,450-17-8987,11/01/2003
100,Davina,Jerdon,djerdon2r@thetimes.co.uk,Female,639-33-8857,27/06/2000
101,Harv,Burrass,hburrass2s@gizmodo.com,Male,372-09-1790,19/08/2002
102,Lyssa,Stanbrooke,lstanbrooke2t@state.tx.us,Female,712-89-9037,09/03/1998
103,Humfrey,Ledner,hledner2u@elpais.com,Male,896-12-3116,29/05/2001
104,Laina,Ness,lness2v@studiopress.com,Female,480-91-7843,24/05/1999
105,Andie,Touhig,atouhig2w@gizmodo.com,Female,338-89-6657,10/06/1998
106,Raviv,Rickard,rrickard2x@godaddy.com,Male,140-29-7974,08/09/2001
107,Valera,Leckey,vleckey2y@multiply.com,Female,459-21-3560,11/07/1999
108,Renell,Spohrmann,rspohrmann2z@amazon.com,Female,104-90-6291,20/05/1999
109,Roshelle,Kipping,rkipping30@narod.ru,Female,381-73-8152,21/01/2002
110,Jamil,Perrigo,jperrigo31@nationalgeographic.com,Male,874-68-4186,20/12/1999
111,Gav,Begin,gbegin32@xrea.com,Male,142-88-0172,08/04/2000
112,Pepi,Devericks,pdevericks33@ihg.com,Female,476-31-9371,06/07/2002
113,Zollie,De Bell,zdebell34@ustream.tv,Male,472-94-3554,07/12/1997
114,Angele,Seeler,aseeler35@unesco.org,Female,735-59-5032,17/05/2001
115,Nester,Poker,npoker36@apache.org,Male,182-73-3401,26/01/1998
116,Angelo,McGaughey,amcgaughey37@alexa.com,Male,833-34-0325,25/07/1997
117,Cart,Hillan,chillan38@timesonline.co.uk,Male,365-74-7441,12/03/1998
118,Danielle,Kearton,dkearton39@google.com.au,Non-binary,308-23-5022,11/02/1997
119,Barbette,Leyshon,bleyshon3a@goodreads.com,Female,567-88-8590,25/02/1996
120,Silva,Hudel,shudel3b@miitbeian.gov.cn,Female,404-22-7980,27/06/1999
121,Flinn,Vauter,fvauter3c@netscape.com,Male,793-07-5555,16/12/2000
122,Cass,Rikel,crikel3d@stumbleupon.com,Female,815-48-7660,09/11/1995
123,Noelyn,Tregensoe,ntregensoe3e@dot.gov,Female,606-33-8527,03/10/1995
124,Leupold,Soares,lsoares3f@who.int,Male,426-31-5208,01/05/2002
125,Colin,Withams,cwithams3g@cbslocal.com,Male,348-93-6811,27/07/2000
126,Sofie,Eagger,seagger3h@typepad.com,Polygender,112-10-1224,25/03/1996
127,Madison,Duke,mduke3i@deliciousdays.com,Male,826-94-3775,09/08/1997
128,Kessiah,Northwood,knorthwood3j@eepurl.com,Agender,748-53-5769,15/01/1996
129,Carter,Merrell,cmerrell3k@patch.com,Genderfluid,749-51-5404,29/09/1997
130,Pavel,Berriball,pberriball3l@ft.com,Male,439-93-0642,03/02/2003
131,Trumann,Zuanazzi,tzuanazzi3m@fema.gov,Genderfluid,493-33-9928,20/11/1999
132,Lonnie,Tulip,ltulip3n@blog.com,Male,869-65-1301,27/07/1998
133,Larry,Saggers,lsaggers3o@umn.edu,Male,767-63-1536,20/08/1995
134,Robbert,Ochiltree,rochiltree3p@bloglovin.com,Male,734-01-0592,16/06/2000
135,Roseann,Albisser,ralbisser3q@lycos.com,Female,802-31-7645,17/03/1998
136,Kane,Howbrook,khowbrook3r@ifeng.com,Male,222-24-0700,27/01/2002
137,Klarika,How to preserve,khowtopreserve3s@netscape.com,Female,128-14-6685,04/06/1997
138,Rafe,Oddey,roddey3t@skyrock.com,Male,122-31-2954,29/10/2000
139,Ermin,Pablos,epablos3u@dmoz.org,Male,435-06-3450,16/02/1996
140,Eden,Plett,eplett3v@dropbox.com,Female,130-23-8085,11/10/1998
141,Karney,Coram,kcoram3w@flavors.me,Male,762-63-9678,02/05/1995
142,Faith,Carlino,fcarlino3x@biblegateway.com,Female,258-75-5149,31/07/2000
143,Standford,Richardet,srichardet3y@cpanel.net,Male,285-30-5501,15/08/1999
144,Connor,Risson,crisson3z@gravatar.com,Male,145-30-5686,29/01/2002
145,Aaron,Mackriell,amackriell40@pbs.org,Male,163-92-6451,17/07/1998
146,Rebe,Itschakov,ritschakov41@seesaa.net,Female,827-98-2823,10/02/1996
147,Querida,Marchiso,qmarchiso42@npr.org,Female,125-22-6269,02/03/2003
148,Albertine,Seak,aseak43@usda.gov,Female,752-97-9928,04/10/2001
149,Ottilie,Tremain,otremain44@prnewswire.com,Female,131-83-2708,01/06/1997
150,Carlye,Brookes,cbrookes45@weebly.com,Female,271-56-7501,30/03/1996
151,Brit,McVanamy,bmcvanamy46@w3.org,Male,245-86-3937,06/11/2001
152,Myrilla,Alfuso,malfuso47@twitpic.com,Female,583-32-6062,31/07/1996
153,Mab,McGaw,mmcgaw48@fc2.com,Female,426-42-0011,11/07/2002
154,Marlow,Putnam,mputnam49@bigcartel.com,Male,488-87-5731,07/08/1997
155,Delphine,Gilhespy,dgilhespy4a@studiopress.com,Female,626-60-0261,01/09/1996
156,Ashia,Delamere,adelamere4b@google.com.hk,Female,244-53-1647,18/02/2003
157,Stacee,Teese,steese4c@youtu.be,Male,202-57-5635,11/02/1998
158,Noel,Ziem,nziem4d@reference.com,Male,590-35-6167,26/12/1995
159,Teodor,Reilingen,treilingen4e@netscape.com,Male,373-22-4986,02/02/1999
160,Gerianna,Burrel,gburrel4f@google.fr,Non-binary,347-73-5335,21/01/1999
161,Jodie,Joysey,jjoysey4g@gnu.org,Female,797-71-7064,04/07/1996
162,Frederigo,Extil,fextil4h@biblegateway.com,Polygender,207-30-5711,14/08/1998
163,Scott,Gumary,sgumary4i@fastcompany.com,Male,524-93-3836,22/07/1998
164,Neal,Milbourn,nmilbourn4j@studiopress.com,Male,562-18-4271,04/09/2001
165,Hi,Brosi,hbrosi4k@wunderground.com,Male,483-02-7783,13/06/1999
166,Sheppard,Lownes,slownes4l@stumbleupon.com,Male,354-93-2895,22/01/2003
167,Stevana,Stower,sstower4m@miibeian.gov.cn,Female,706-94-6846,19/05/1995
168,Fannie,Duinbleton,fduinbleton4n@cargocollective.com,Female,396-31-3182,21/08/2001
169,Allayne,Moses,amoses4o@earthlink.net,Male,714-28-4012,04/12/1995
170,Drusy,Braunle,dbraunle4p@springer.com,Female,577-84-7356,08/11/1995
171,Lem,Roberti,lroberti4q@ifeng.com,Male,550-30-6531,20/09/1996
172,Luise,Kitchenham,lkitchenham4r@furl.net,Female,621-86-8501,11/07/1998
173,Bernardine,Scarrott,bscarrott4s@usatoday.com,Female,874-92-0831,25/07/1997
174,Babs,Haxley,bhaxley4t@acquirethisname.com,Female,274-50-6772,03/11/1995
175,Christean,McKinty,cmckinty4u@infoseek.co.jp,Female,206-47-8761,07/02/2000
176,Emery,Ife,eife4v@japanpost.jp,Male,206-90-1547,29/01/2001
177,Orsola,Stannett,ostannett4w@apache.org,Female,462-84-6743,06/11/2002
178,Frederique,Bailess,fbailess4x@mayoclinic.com,Female,408-92-0328,06/03/2002
179,Rodrick,Hulbert,rhulbert4y@gizmodo.com,Male,811-72-8361,03/11/1995
180,Abram,Punch,apunch4z@globo.com,Male,632-94-1747,29/10/1996
181,Gracie,Madigan,gmadigan50@cbc.ca,Female,692-58-4975,15/12/1999
182,Alonso,Leeb,aleeb51@senate.gov,Male,703-89-3670,28/12/2001
183,Albert,Easthope,aeasthope52@mtv.com,Male,514-90-1412,02/06/1996
184,Herve,Legion,hlegion53@livejournal.com,Male,762-07-4844,08/08/2001
185,Ben,Eadie,beadie54@reuters.com,Male,268-76-6766,20/10/1996
186,Hunter,Brandli,hbrandli55@unblog.fr,Male,438-69-3931,06/04/1995
187,Allin,Perutto,aperutto56@spotify.com,Male,327-86-6853,12/10/1998
188,Onfre,Gotch,ogotch57@prnewswire.com,Male,891-53-1437,16/06/1998
189,Annamaria,Cominotti,acominotti58@twitter.com,Female,691-77-0481,25/02/1996
190,Linnell,Fyfe,lfyfe59@cloudflare.com,Female,561-02-8813,04/03/2000
191,Bendick,Juppe,bjuppe5a@alibaba.com,Male,369-24-2203,05/09/2000
192,Una,Extil,uextil5b@behance.net,Female,631-25-1726,29/01/2002
193,Clair,Myrkus,cmyrkus5c@narod.ru,Male,221-11-0014,31/12/2000
194,Earvin,Barkus,ebarkus5d@miibeian.gov.cn,Male,498-75-3468,15/12/2000
195,Noel,Ellett,nellett5e@vistaprint.com,Male,889-48-5451,21/02/2001
196,Read,Antonioni,rantonioni5f@free.fr,Male,898-45-4675,28/04/1995
197,Issiah,Souness,isouness5g@uiuc.edu,Male,801-38-7248,29/12/2001
198,Agneta,Vinnicombe,avinnicombe5h@va.gov,Female,487-24-7463,02/04/1996
199,Kerrin,Brinsford,kbrinsford5i@weebly.com,Female,458-23-2081,31/03/1998
200,Alli,Gillibrand,agillibrand5j@altervista.org,Female,844-10-3880,20/11/2002
201,Adriane,Treasaden,atreasaden5k@purevolume.com,Female,878-43-6112,07/03/2003
202,Raddy,Chalcot,rchalcot5l@usda.gov,Male,113-26-3298,04/06/2000
203,Archer,Lamar,alamar5m@psu.edu,Male,706-56-9228,05/07/1997
204,Row,Lyven,rlyven5n@dyndns.org,Female,386-17-3542,15/06/1999
205,Gradey,Karlolak,gkarlolak5o@gnu.org,Male,612-25-6822,24/12/1995
206,Enoch,Maunton,emaunton5p@over-blog.com,Male,814-44-9235,12/02/1997
207,Lane,Harnell,lharnell5q@unblog.fr,Female,743-47-4280,01/06/1995
208,Elenore,Marzellano,emarzellano5r@xrea.com,Female,316-69-1853,25/09/1997
209,Gradey,Texton,gtexton5s@gnu.org,Male,294-19-1792,07/06/1996
210,Clarine,Fulle,cfulle5t@bbc.co.uk,Female,134-40-2477,25/06/1996
211,Zebulen,Woolfall,zwoolfall5u@yelp.com,Male,722-14-0635,23/01/1996
212,Jeanne,Payn,jpayn5v@marriott.com,Female,783-02-9789,26/03/2001
213,Melosa,Reede,mreede5w@ameblo.jp,Female,507-02-3975,21/12/1999
214,Flemming,Van der Mark,fvandermark5x@bravesites.com,Male,798-97-6513,22/08/1996
215,Johnathan,Scholey,jscholey5y@netscape.com,Male,109-30-8862,04/11/2002
216,Prentiss,Abramowitch,pabramowitch5z@google.ru,Male,330-76-8320,27/12/1997
217,Veriee,Albers,valbers60@census.gov,Female,196-52-3436,06/12/2002
218,Allegra,Picott,apicott61@ebay.com,Female,784-27-5924,27/04/2002
219,Molli,Heyworth,mheyworth62@istockphoto.com,Female,568-54-5965,09/03/2002
220,Deane,Crucitti,dcrucitti63@nps.gov,Male,895-37-9030,24/01/1996
221,Reamonn,Delacote,rdelacote64@freewebs.com,Non-binary,161-50-5185,28/12/1998
222,Godard,Seczyk,gseczyk65@cnet.com,Bigender,668-81-2282,18/12/1998
223,Bayard,Ledgerton,bledgerton66@etsy.com,Male,266-52-9565,24/06/1995
224,Ulysses,Dearnaley,udearnaley67@bbc.co.uk,Male,259-76-8924,15/12/1997
225,Johann,Nuton,jnuton68@github.com,Genderqueer,846-13-6090,27/06/1997
226,Lenna,Petri,lpetri69@fastcompany.com,Female,828-29-5987,21/06/2000
227,Ben,Pennetta,bpennetta6a@archive.org,Male,590-71-6520,14/10/1999
228,Bernarr,Gorges,bgorges6b@cbslocal.com,Male,699-93-0563,18/10/1998
229,Ximenez,Ridgewell,xridgewell6c@cbslocal.com,Male,345-39-9344,13/10/1999
230,Sabrina,Calcutt,scalcutt6d@msn.com,Female,591-25-2499,01/02/1996
231,Ximenes,Mugleston,xmugleston6e@nasa.gov,Male,591-16-3982,01/08/2001
232,Hillier,Howship,hhowship6f@kickstarter.com,Genderqueer,673-13-7712,02/02/1999
233,Candra,Mackett,cmackett6g@redcross.org,Female,260-85-4450,10/06/2002
234,Dirk,Lumsdaine,dlumsdaine6h@cocolog-nifty.com,Male,104-65-8388,31/05/1997
235,Duffy,Maclean,dmaclean6i@tmall.com,Male,868-93-7207,03/03/2001
236,Jodie,Stockdale,jstockdale6j@hugedomains.com,Female,862-52-2085,30/10/2002
237,Wandie,Szwarc,wszwarc6k@chronoengine.com,Female,853-92-5313,29/03/1995
238,Ingeborg,Waterdrinker,iwaterdrinker6l@gnu.org,Female,548-55-4212,16/03/1996
239,Brig,Hourigan,bhourigan6m@blogger.com,Male,353-53-3249,06/04/1998
240,Reid,Tustin,rtustin6n@slate.com,Male,263-35-3574,12/12/1999
241,Matilda,Christescu,mchristescu6o@nba.com,Female,579-68-9172,30/03/1999
242,Loise,Colleran,lcolleran6p@acquirethisname.com,Agender,725-23-6510,13/12/1996
243,Morly,Callister,mcallister6q@cbc.ca,Male,220-36-9076,10/03/2002
244,Douglas,Janic,djanic6r@stanford.edu,Male,722-29-2994,10/01/1996
245,Alasteir,Espinho,aespinho6s@last.fm,Male,459-74-3532,22/06/1995
246,Hyatt,Bastin,hbastin6t@slate.com,Male,681-14-3227,02/02/1997
247,Yorke,Hauxwell,yhauxwell6u@nih.gov,Male,650-60-0011,04/12/1996
248,Amie,Howard - Gater,ahowardgater6v@blogspot.com,Female,827-30-9734,14/05/1999
249,Danya,Creffield,dcreffield6w@sitemeter.com,Male,746-38-8659,09/09/1997
250,Pepita,Matushevitz,pmatushevitz6x@ustream.tv,Female,498-68-4342,12/06/1998
251,Steffen,Glazier,sglazier6y@studiopress.com,Male,513-86-4574,21/05/1998
252,Kenny,Felkin,kfelkin6z@comcast.net,Male,713-57-6143,03/11/1996
253,Elvina,Waddam,ewaddam70@tiny.cc,Female,598-57-6107,23/03/1999
254,Alina,Trowle,atrowle71@un.org,Female,100-74-8834,27/12/2000
255,Edgardo,Jurgensen,ejurgensen72@hubpages.com,Male,589-32-1379,12/02/2001
256,Karmen,Izhak,kizhak73@desdev.cn,Female,399-59-6017,24/04/1996
257,Christoper,Fleis,cfleis74@mapquest.com,Male,713-99-7272,17/09/2001
258,Nat,Seeborne,nseeborne75@lycos.com,Female,377-67-4020,02/03/1999
259,Bianca,Jewar,bjewar76@miitbeian.gov.cn,Female,255-29-3586,23/11/1997
260,Cassaundra,Delong,cdelong77@homestead.com,Female,145-30-1821,27/05/1995
261,Garek,Bannerman,gbannerman78@msu.edu,Male,436-36-8941,12/07/1997
262,Morris,Lyman,mlyman79@bluehost.com,Male,591-79-0421,06/03/1998
263,Hill,Combes,hcombes7a@ihg.com,Male,591-35-3870,08/10/1997
264,Stacee,Bent,sbent7b@cbsnews.com,Female,159-75-1830,30/08/1996
265,Susanetta,Delany,sdelany7c@cbslocal.com,Female,219-83-2219,15/02/1997
266,Antonio,Robberecht,arobberecht7d@si.edu,Male,707-88-7522,29/04/1998
267,Fidole,Dumingos,fdumingos7e@army.mil,Male,102-36-1750,15/11/1997
268,Edd,Greydon,egreydon7f@live.com,Male,275-40-5517,31/08/2001
269,Lyman,Lacroix,llacroix7g@yandex.ru,Male,682-70-4881,02/05/1997
270,Hogan,Juliano,hjuliano7h@tmall.com,Male,521-33-9994,22/04/1995
271,Cammi,MacAvaddy,cmacavaddy7i@ask.com,Agender,301-96-3393,14/07/2002
272,Woody,Swiffan,wswiffan7j@exblog.jp,Male,603-23-4510,06/10/2001
273,Valentino,Boeter,vboeter7k@mac.com,Male,807-83-4201,07/05/1996
274,Manolo,Ferrucci,mferrucci7l@dot.gov,Male,410-63-7528,10/03/2002
275,Vinnie,Knok,vknok7m@freewebs.com,Male,369-02-9990,04/06/1995
276,Yevette,Lavin,ylavin7n@delicious.com,Female,805-45-8153,09/10/1999
277,Ira,Maass,imaass7o@biglobe.ne.jp,Male,847-26-2012,15/02/2002
278,Carmen,Ruddick,cruddick7p@yelp.com,Female,312-13-4747,14/01/1999
279,Diann,Stears,dstears7q@apple.com,Female,721-34-9867,09/11/2002
280,Liza,Stribling,lstribling7r@usnews.com,Female,231-96-3684,30/03/2001
281,Trenton,Simms,tsimms7s@reuters.com,Male,662-93-2462,22/08/2002
282,Garvey,Deathridge,gdeathridge7t@xrea.com,Male,141-72-0369,14/03/1997
283,Marlon,Halward,mhalward7u@instagram.com,Male,126-13-9475,09/06/1996
284,Alvan,Goodin,agoodin7v@csmonitor.com,Male,447-47-6130,03/02/1999
285,Ronna,Corneil,rcorneil7w@google.com.hk,Genderfluid,217-42-0883,24/05/2002
286,Minette,Laird-Craig,mlairdcraig7x@webs.com,Female,394-67-1742,05/10/1999
287,Illa,Maffi,imaffi7y@lycos.com,Female,768-07-7895,29/09/2001
288,Xenos,Raeside,xraeside7z@theatlantic.com,Male,241-73-3378,02/07/1997
289,Mason,Grene,mgrene80@instagram.com,Male,212-08-3397,02/06/2000
290,Tiler,Coppins,tcoppins81@ebay.co.uk,Male,577-54-3835,29/10/2000
291,Maddalena,Sharma,msharma82@hc360.com,Female,400-39-9795,07/06/1998
292,Sonnie,Crabb,scrabb83@deliciousdays.com,Female,775-24-3082,18/02/1996
293,Kate,Carloni,kcarloni84@mozilla.com,Female,131-91-2380,12/02/2001
294,Corrie,Islep,cislep85@noaa.gov,Non-binary,155-58-2476,12/06/1997
295,Kermie,Huband,khuband86@craigslist.org,Bigender,877-82-4309,05/01/1996
296,Mina,Gorick,mgorick87@tmall.com,Bigender,819-08-9318,04/08/1999
297,Querida,Eles,qeles88@tiny.cc,Female,842-99-9192,02/11/1999
298,Chic,Eric,ceric89@wordpress.com,Male,470-54-0640,29/02/2000
299,Doretta,Greenall,dgreenall8a@nih.gov,Female,519-28-9028,27/02/1999
300,Greer,Oakshott,goakshott8b@angelfire.com,Female,449-94-6440,06/09/1996
301,Fredrika,Brigham,fbrigham8c@dion.ne.jp,Female,691-30-9889,01/07/1999
302,Waverley,McLay,wmclay8d@bizjournals.com,Polygender,285-33-2974,17/08/2000
303,Cesya,Lemasney,clemasney8e@elpais.com,Female,719-69-3018,26/06/1999
304,Nat,Caldera,ncaldera8f@phoca.cz,Male,630-15-3821,30/03/1997
305,Towney,Haxbie,thaxbie8g@vk.com,Bigender,106-69-7140,18/04/2002
306,Nicoli,Vogt,nvogt8h@illinois.edu,Female,163-48-5657,13/01/2000
307,Brok,Ewins,bewins8i@wufoo.com,Male,447-92-5035,25/08/2001
308,Tedman,MacNair,tmacnair8j@people.com.cn,Male,545-29-6723,20/12/1997
309,Kelsey,Walton,kwalton8k@goo.ne.jp,Agender,343-80-5719,15/09/1996
310,Barbara,Backhurst,bbackhurst8l@quantcast.com,Female,533-49-5655,28/03/2001
311,Milissent,Heinsen,mheinsen8m@t.co,Agender,446-15-0734,11/04/1999
312,Roy,Apple,rapple8n@unicef.org,Male,638-44-1073,22/04/1996
313,Boyce,Featherby,bfeatherby8o@dedecms.com,Male,405-25-4887,08/09/2000
314,Abbie,Radden,aradden8p@newsvine.com,Male,135-82-2937,19/06/1995
315,Roshelle,McKomb,rmckomb8q@whitehouse.gov,Female,201-41-1054,31/12/1997
316,Zoe,Clemerson,zclemerson8r@parallels.com,Polygender,404-60-1661,04/03/1998
317,Decca,Whiff,dwhiff8s@geocities.com,Male,284-53-6504,04/05/1998
318,Cori,Salterne,csalterne8t@so-net.ne.jp,Polygender,468-22-0810,16/11/2002
319,Kevan,Picard,kpicard8u@zdnet.com,Male,707-73-5314,17/03/2002
320,L;urette,Dyer,ldyer8v@wiley.com,Female,598-39-9023,17/05/2001
321,Towney,Heart,theart8w@newyorker.com,Polygender,656-10-2065,14/11/1996
322,Leigha,Berkely,lberkely8x@blogger.com,Genderfluid,124-74-1869,11/12/1995
323,Daisi,Decruse,ddecruse8y@unblog.fr,Female,618-80-0081,10/09/1998
324,Delmore,Neely,dneely8z@ow.ly,Male,162-16-4414,03/06/1996
325,Georgeanne,Holcroft,gholcroft90@cnbc.com,Female,539-16-9353,28/01/1999
326,Van,Bayles,vbayles91@1und1.de,Female,811-21-0936,14/02/1999
327,Gavra,Trump,gtrump92@princeton.edu,Female,219-24-2510,31/01/2000
328,Em,Edland,eedland93@psu.edu,Male,427-99-1892,20/04/2001
329,Ingrim,Rudham,irudham94@sun.com,Male,830-73-4728,26/03/2002
330,Jerrine,Bradnam,jbradnam95@statcounter.com,Polygender,839-20-5478,28/06/1996
331,Jaimie,Nilges,jnilges96@moonfruit.com,Female,334-85-2609,03/09/1999
332,Scott,Atkinson,satkinson97@ning.com,Male,440-02-0382,09/02/1998
333,Orelie,Gartland,ogartland98@people.com.cn,Female,339-50-4445,24/09/2002
334,Kristi,Hartly,khartly99@bbc.co.uk,Female,697-95-4833,23/08/2000
335,Skipper,Howood,showood9a@businessweek.com,Male,429-50-9667,23/06/1997
336,Keene,Mitie,kmitie9b@indiatimes.com,Male,707-28-5608,23/11/2001
337,Robyn,Kall,rkall9c@uol.com.br,Female,192-50-3500,05/10/1998
338,Bradford,Elles,belles9d@naver.com,Agender,476-75-0541,15/02/2001
339,Basilio,Walliker,bwalliker9e@japanpost.jp,Male,434-66-7505,06/01/2000
340,Nikki,Kroon,nkroon9f@squidoo.com,Female,510-83-8239,18/11/2002
341,Charla,Idale,cidale9g@shareasale.com,Female,658-99-3275,29/06/1998
342,Mariejeanne,Shilstone,mshilstone9h@blog.com,Female,226-99-0279,23/08/2001
343,Olia,Sneyd,osneyd9i@ft.com,Female,223-37-7868,26/11/1997
344,Kiley,Kilfeather,kkilfeather9j@miitbeian.gov.cn,Genderqueer,201-30-9820,05/11/2001
345,Lolita,Battrick,lbattrick9k@mtv.com,Female,751-30-8381,10/01/2003
346,Neddie,Malinowski,nmalinowski9l@ezinearticles.com,Genderqueer,606-18-9325,14/10/1995
347,Devinne,Burns,dburns9m@ovh.net,Female,395-93-7032,12/12/2000
348,Daffy,Bon,dbon9n@github.io,Female,743-37-9125,05/10/1999
349,Benedicto,Bertholin,bbertholin9o@shop-pro.jp,Male,730-81-5642,30/04/1996
350,Axel,Wordley,awordley9p@canalblog.com,Male,482-48-3774,13/02/1998
351,Britt,Worley,bworley9q@apple.com,Polygender,119-25-8672,13/08/1998
352,Javier,Barrowcliffe,jbarrowcliffe9r@mit.edu,Male,256-84-2363,13/11/1999
353,Grier,O'Collopy,gocollopy9s@archive.org,Female,804-76-3495,10/02/2003
354,Arabelle,Petry,apetry9t@netscape.com,Female,389-49-5494,04/10/1997
355,Kaile,Dagleas,kdagleas9u@businessweek.com,Female,707-40-5033,20/02/1999
356,Guillermo,Kleinstub,gkleinstub9v@nsw.gov.au,Male,574-94-7818,07/06/1997
357,Orly,Grolmann,ogrolmann9w@arstechnica.com,Female,690-28-5039,02/11/2001
358,Nellie,Nother,nnother9x@cornell.edu,Female,226-93-9937,25/02/1997
359,Laurie,McPhilip,lmcphilip9y@forbes.com,Female,834-64-2127,06/11/1995
360,Urbanus,Clopton,uclopton9z@salon.com,Male,382-44-7751,12/02/2001
361,Felisha,Blenkinsop,fblenkinsopa0@reddit.com,Female,225-55-8322,02/07/1997
362,Klaus,Coger,kcogera1@berkeley.edu,Male,736-28-6466,14/12/1999
363,Nicola,Rachuig,nrachuiga2@cornell.edu,Male,480-09-8075,08/06/1998
364,Malena,Senussi,msenussia3@nature.com,Female,445-88-1884,09/07/1999
365,Aime,Tottie,atottiea4@wordpress.org,Female,847-80-2067,19/11/1996
366,Gay,Arlett,garletta5@goo.gl,Female,681-81-1975,10/03/1998
367,Adolphus,Saller,asallera6@yahoo.com,Male,348-85-5318,21/02/2000
368,Locke,Kezourec,lkezoureca7@yelp.com,Male,571-13-3366,11/11/1997
369,Persis,Smallcomb,psmallcomba8@mapquest.com,Female,662-79-2213,06/03/2003
370,Brunhilda,Steggles,bstegglesa9@mlb.com,Female,581-63-0753,11/12/2000
371,Arel,MacGaughy,amacgaughyaa@is.gd,Male,545-71-7549,18/03/1998
372,Lynde,Bruhn,lbruhnab@blogspot.com,Female,284-45-6013,02/06/2000
373,Hyacinth,Bone,hboneac@bloglines.com,Female,467-19-9732,25/10/2001
374,Robinet,Bradder,rbradderad@blogspot.com,Male,613-64-8991,29/03/2002
375,Georgy,Boyat,gboyatae@hugedomains.com,Male,852-99-9169,02/06/1999
376,Tessie,Kesten,tkestenaf@tmall.com,Genderqueer,851-16-0225,27/08/2000
377,Derwin,Gianullo,dgianulloag@t-online.de,Polygender,131-03-3376,29/11/1998
378,Rocky,Merioth,rmeriothah@dyndns.org,Male,571-01-5756,13/07/2000
379,Rosaline,Truran,rtruranai@addthis.com,Female,483-52-1170,03/03/2002
380,Davy,Balstone,dbalstoneaj@google.pl,Male,240-61-8010,26/11/1996
381,Carilyn,Furber,cfurberak@intel.com,Female,574-93-7777,20/11/1997
382,Jeannie,Wickling,jwicklingal@github.com,Female,483-99-9186,28/11/1998
383,Ebenezer,Tousy,etousyam@rediff.com,Male,287-41-4494,05/08/1995
384,Adrian,Schimoni,aschimonian@jalbum.net,Female,638-85-3172,15/12/2001
385,Phineas,Sutty,psuttyao@army.mil,Male,164-43-1287,15/06/2000
386,Gabriel,Swindell,gswindellap@g.co,Female,634-22-2818,23/04/2001
387,Peyter,Foss,pfossaq@guardian.co.uk,Male,371-46-6093,22/06/1997
388,Pauli,Gerran,pgerranar@cocolog-nifty.com,Female,849-53-3651,29/07/1995
389,Laurent,Grills,lgrillsas@hhs.gov,Male,648-91-3496,16/11/1998
390,Meara,Jacqueminet,mjacqueminetat@mediafire.com,Female,841-86-4866,21/03/1999
391,Mendie,Rostron,mrostronau@squidoo.com,Male,768-64-6216,24/10/2001
392,Deeann,Criag,dcriagav@studiopress.com,Female,365-38-1387,01/01/2002
393,Matty,Dumper,mdumperaw@who.int,Male,820-19-5753,17/12/1999
394,Durand,Norkett,dnorkettax@mit.edu,Male,735-08-5056,24/11/2002
395,Willis,Corkell,wcorkellay@latimes.com,Male,730-55-1859,20/08/1996
396,Dunn,Ericsson,dericssonaz@amazon.de,Male,230-10-9335,13/05/1999
397,Mella,Silber,msilberb0@flavors.me,Female,308-35-9125,24/04/1998
398,Dolf,Waskett,dwaskettb1@mysql.com,Male,654-36-7029,18/10/1998
399,Verena,Cestard,vcestardb2@cyberchimps.com,Female,824-22-9050,10/10/1996
400,Gusti,Di Bartolomeo,gdibartolomeob3@shop-pro.jp,Polygender,315-40-2910,27/01/1996
